{
  "planId": "plan-20240601-001",
  "goal": "Conduct literature review on multi-agent learning",
  "createdAt": "2025-06-28T10:05:00Z",
  "tasks": [
    {
      "taskId": "task-01",
      "description": "Search for academic papers on multi-agent reinforcement learning",
      "dsl": "search('multi-agent reinforcement learning site:arxiv.org')",
      "assignedAgent": "agent-01",
      "dependencies": []
    },
    {
      "taskId": "task-02",
      "description": "Summarize key findings and create annotated bibliography",
      "dsl": "summarize(findings) → generate(annotated bibliography)",
      "assignedAgent": "agent-03",
      "dependencies": ["task-01"]
    }
  ]
}