{
  "$schema": "https://json-schema.org/draft/2020-12/schema",
  "title": "MPLP Performance Standards Rules",
  "description": "Quality rules defining performance standards, metrics, and benchmarks for MPLP protocols",
  "version": "1.0.0",
  "performanceStandardsRules": [
    {
      "ruleId": "PERF-001",
      "name": "Protocol Execution Performance",
      "category": "execution_performance",
      "scope": "global",
      "priority": "high",
      "description": "Performance standards for MPLP protocol execution times and resource utilization",
      "performanceMetrics": {
        "executionTime": {
          "Context": {
            "target": "less_than_5_seconds",
            "acceptable": "less_than_10_seconds",
            "unacceptable": "greater_than_15_seconds",
            "measurement": "time_from_initiation_to_completion"
          },
          "Plan": {
            "target": "less_than_30_seconds",
            "acceptable": "less_than_60_seconds",
            "unacceptable": "greater_than_120_seconds",
            "measurement": "time_from_context_to_executable_plan"
          },
          "Execute": {
            "target": "variable_based_on_task_complexity",
            "acceptable": "within_10_percent_of_estimated_time",
            "unacceptable": "exceeds_150_percent_of_estimated_time",
            "measurement": "actual_vs_planned_execution_time"
          },
          "Test": {
            "target": "less_than_20_percent_of_execution_time",
            "acceptable": "less_than_30_percent_of_execution_time",
            "unacceptable": "greater_than_50_percent_of_execution_time",
            "measurement": "test_time_relative_to_execution_time"
          },
          "Role": {
            "target": "less_than_2_seconds",
            "acceptable": "less_than_5_seconds",
            "unacceptable": "greater_than_10_seconds",
            "measurement": "role_assignment_and_validation_time"
          },
          "Workflow": {
            "target": "less_than_10_seconds",
            "acceptable": "less_than_20_seconds",
            "unacceptable": "greater_than_30_seconds",
            "measurement": "workflow_orchestration_overhead"
          },
          "Delivery": {
            "target": "less_than_15_seconds",
            "acceptable": "less_than_30_seconds",
            "unacceptable": "greater_than_60_seconds",
            "measurement": "deliverable_packaging_and_validation_time"
          }
        },
        "resourceUtilization": {
          "cpu": {
            "target": "less_than_70_percent_average",
            "acceptable": "less_than_85_percent_average",
            "unacceptable": "greater_than_95_percent_sustained",
            "measurement": "cpu_utilization_during_protocol_execution"
          },
          "memory": {
            "target": "less_than_512MB_per_protocol_instance",
            "acceptable": "less_than_1GB_per_protocol_instance",
            "unacceptable": "greater_than_2GB_per_protocol_instance",
            "measurement": "peak_memory_usage_during_execution"
          },
          "network": {
            "target": "less_than_10MB_per_protocol_execution",
            "acceptable": "less_than_50MB_per_protocol_execution",
            "unacceptable": "greater_than_100MB_per_protocol_execution",
            "measurement": "total_network_traffic_per_execution"
          },
          "storage": {
            "target": "less_than_100MB_per_project",
            "acceptable": "less_than_500MB_per_project",
            "unacceptable": "greater_than_1GB_per_project",
            "measurement": "persistent_storage_requirements"
          }
        },
        "throughput": {
          "concurrentProtocols": {
            "target": "support_100_concurrent_protocol_instances",
            "acceptable": "support_50_concurrent_protocol_instances",
            "unacceptable": "less_than_10_concurrent_protocol_instances",
            "measurement": "maximum_concurrent_executions_without_degradation"
          },
          "transactionsPerSecond": {
            "target": "1000_protocol_operations_per_second",
            "acceptable": "500_protocol_operations_per_second",
            "unacceptable": "less_than_100_protocol_operations_per_second",
            "measurement": "sustained_operation_rate_under_load"
          }
        }
      },
      "performanceMonitoring": {
        "realTimeMetrics": {
          "dashboards": "real_time_performance_dashboards",
          "alerts": "automated_alerts_for_performance_degradation",
          "thresholds": "configurable_performance_thresholds",
          "trending": "performance_trend_analysis"
        },
        "historicalAnalysis": {
          "dataRetention": "retain_performance_data_for_12_months",
          "reporting": "monthly_performance_reports",
          "benchmarking": "compare_against_historical_baselines",
          "optimization": "identify_optimization_opportunities"
        }
      },
      "conditions": {
        "when": "protocol_execution_performance_monitoring_required",
        "context": "production_and_performance_testing_environments"
      },
      "actions": {
        "then": "monitor_and_enforce_performance_standards",
        "onSuccess": "maintain_optimal_performance_levels",
        "onFailure": "trigger_performance_optimization_procedures"
      },
      "enforcement": "mandatory",
      "metadata": {
        "version": "1.0.0",
        "author": "MPLP Core Team",
        "createdAt": "2025-06-28T11:34:54Z",
        "updatedAt": "2025-06-28T11:34:54Z"
      }
    },
    {
      "ruleId": "PERF-002",
      "name": "Data Quality and Integrity Standards",
      "category": "data_quality",
      "scope": "global",
      "priority": "high",
      "description": "Standards for data quality, consistency, and integrity across all MPLP protocols",
      "dataQualityDimensions": {
        "accuracy": {
          "definition": "correctness_and_precision_of_data_values",
          "target": "99_9_percent_accuracy",
          "acceptable": "99_5_percent_accuracy",
          "unacceptable": "less_than_99_percent_accuracy",
          "measurement": "percentage_of_correct_data_values",
          "validationMethods": [
            "data_type_validation",
            "range_validation",
            "format_validation",
            "business_rule_validation"
          ]
        },
        "completeness": {
          "definition": "presence_of_all_required_data_elements",
          "target": "100_percent_completeness_for_mandatory_fields",
          "acceptable": "95_percent_completeness_for_optional_fields",
          "unacceptable": "missing_mandatory_fields",
          "measurement": "percentage_of_populated_required_fields",
          "validationMethods": [
            "null_value_checks",
            "empty_string_checks",
            "mandatory_field_validation",
            "referential_integrity_checks"
          ]
        },
        "consistency": {
          "definition": "uniformity_of_data_across_different_sources_and_time",
          "target": "zero_data_inconsistencies",
          "acceptable": "less_than_0_1_percent_inconsistencies",
          "unacceptable": "greater_than_1_percent_inconsistencies",
          "measurement": "percentage_of_consistent_data_across_sources",
          "validationMethods": [
            "cross_reference_validation",
            "temporal_consistency_checks",
            "format_standardization",
            "duplicate_detection"
          ]
        },
        "timeliness": {
          "definition": "availability_of_data_when_needed",
          "target": "real_time_data_availability",
          "acceptable": "data_available_within_5_minutes",
          "unacceptable": "data_delay_greater_than_1_hour",
          "measurement": "time_from_data_creation_to_availability",
          "validationMethods": [
            "timestamp_validation",
            "data_freshness_checks",
            "update_frequency_monitoring",
            "latency_measurement"
          ]
        },
        "validity": {
          "definition": "conformance_to_defined_business_rules_and_constraints",
          "target": "100_percent_valid_data",
          "acceptable": "99_5_percent_valid_data",
          "unacceptable": "less_than_99_percent_valid_data",
          "measurement": "percentage_of_data_passing_business_rule_validation",
          "validationMethods": [
            "business_rule_engine",
            "constraint_validation",
            "domain_value_validation",
            "relationship_validation"
          ]
        }
      },
      "dataIntegrityControls": {
        "preventive": {
          "inputValidation": "validate_all_data_inputs_at_entry_point",
          "accessControls": "implement_role_based_data_access_controls",
          "encryptionAtRest": "encrypt_sensitive_data_at_rest",
          "encryptionInTransit": "encrypt_data_during_transmission"
        },
        "detective": {
          "checksums": "use_checksums_to_detect_data_corruption",
          "auditLogs": "maintain_comprehensive_audit_logs",
          "anomalyDetection": "implement_anomaly_detection_algorithms",
          "regularAudits": "conduct_regular_data_integrity_audits"
        },
        "corrective": {
          "backupRecovery": "implement_robust_backup_and_recovery_procedures",
          "errorCorrection": "implement_automatic_error_correction_where_possible",
          "dataReconciliation": "implement_data_reconciliation_processes",
          "incidentResponse": "establish_data_integrity_incident_response_procedures"
        }
      },
      "conditions": {
        "when": "data_quality_and_integrity_assurance_required",
        "context": "all_data_processing_and_storage_operations"
      },
      "actions": {
        "then": "enforce_data_quality_and_integrity_standards",
        "onSuccess": "maintain_high_data_quality_levels",
        "onFailure": "trigger_data_quality_remediation_procedures"
      },
      "enforcement": "mandatory",
      "metadata": {
        "version": "1.0.0",
        "author": "MPLP Core Team",
        "createdAt": "2025-06-28T11:34:54Z",
        "updatedAt": "2025-06-28T11:34:54Z"
      }
    },
    {
      "ruleId": "PERF-003",
      "name": "User Experience and Interface Standards",
      "category": "user_experience",
      "scope": "global",
      "priority": "medium",
      "description": "Standards for user experience, interface design, and usability across MPLP implementations",
      "usabilityStandards": {
        "responseTime": {
          "userInteraction": {
            "target": "less_than_100_milliseconds_for_immediate_feedback",
            "acceptable": "less_than_1_second_for_simple_operations",
            "unacceptable": "greater_than_3_seconds_for_any_user_action",
            "measurement": "time_from_user_action_to_system_response"
          },
          "pageLoad": {
            "target": "less_than_2_seconds_for_initial_page_load",
            "acceptable": "less_than_5_seconds_for_complex_pages",
            "unacceptable": "greater_than_10_seconds_for_any_page",
            "measurement": "time_from_request_to_fully_rendered_page"
          }
        },
        "accessibility": {
          "wcagCompliance": {
            "target": "wcag_2_1_aa_compliance",
            "acceptable": "wcag_2_1_a_compliance",
            "unacceptable": "non_compliant_with_wcag_guidelines",
            "measurement": "automated_and_manual_accessibility_testing"
          },
          "keyboardNavigation": {
            "target": "full_keyboard_navigation_support",
            "acceptable": "keyboard_navigation_for_primary_functions",
            "unacceptable": "mouse_only_interface",
            "measurement": "percentage_of_functions_accessible_via_keyboard"
          },
          "screenReader": {
            "target": "full_screen_reader_compatibility",
            "acceptable": "screen_reader_support_for_core_functions",
            "unacceptable": "no_screen_reader_support",
            "measurement": "screen_reader_testing_results"
          }
        },
        "learnability": {
          "timeToCompetency": {
            "target": "new_users_productive_within_30_minutes",
            "acceptable": "new_users_productive_within_2_hours",
            "unacceptable": "requires_more_than_1_day_training",
            "measurement": "time_for_new_user_to_complete_basic_tasks"
          },
          "errorRecovery": {
            "target": "users_can_recover_from_errors_within_30_seconds",
            "acceptable": "users_can_recover_from_errors_within_2_minutes",
            "unacceptable": "users_require_help_to_recover_from_errors",
            "measurement": "time_to_recover_from_common_errors"
          }
        },
        "efficiency": {
          "taskCompletion": {
            "target": "expert_users_complete_tasks_20_percent_faster_than_baseline",
            "acceptable": "expert_users_complete_tasks_at_baseline_speed",
            "unacceptable": "expert_users_slower_than_baseline",
            "measurement": "task_completion_time_for_experienced_users"
          },
          "clicksToComplete": {
            "target": "maximum_3_clicks_for_common_tasks",
            "acceptable": "maximum_5_clicks_for_common_tasks",
            "unacceptable": "more_than_7_clicks_for_common_tasks",
            "measurement": "number_of_user_interactions_required"
          }
        }
      },
      "interfaceDesignStandards": {
        "visualDesign": {
          "consistency": {
            "colorScheme": "consistent_color_palette_across_all_interfaces",
            "typography": "consistent_font_families_and_sizing",
            "iconography": "consistent_icon_style_and_meaning",
            "layout": "consistent_layout_patterns_and_spacing"
          },
          "clarity": {
            "contrast": "minimum_4_5_1_contrast_ratio_for_text",
            "hierarchy": "clear_visual_hierarchy_with_appropriate_emphasis",
            "whitespace": "appropriate_use_of_whitespace_for_readability",
            "alignment": "consistent_alignment_and_grid_system"
          }
        },
        "interactionDesign": {
          "feedback": {
            "immediate": "immediate_visual_feedback_for_all_user_actions",
            "progress": "progress_indicators_for_long_running_operations",
            "confirmation": "confirmation_messages_for_destructive_actions",
            "error": "clear_and_actionable_error_messages"
          },
          "navigation": {
            "breadcrumbs": "breadcrumb_navigation_for_deep_hierarchies",
            "search": "global_search_functionality",
            "shortcuts": "keyboard_shortcuts_for_power_users",
            "contextual": "contextual_navigation_and_actions"
          }
        },
        "contentStandards": {
          "language": {
            "clarity": "use_clear_and_concise_language",
            "consistency": "consistent_terminology_throughout_interface",
            "localization": "support_for_multiple_languages_and_locales",
            "tone": "professional_and_helpful_tone"
          },
          "information": {
            "relevance": "display_only_relevant_information_for_current_context",
            "organization": "logical_organization_and_grouping_of_information",
            "prioritization": "prioritize_most_important_information",
            "scannability": "design_for_easy_scanning_and_quick_comprehension"
          }
        }
      },
      "conditions": {
        "when": "user_interface_implementation_required",
        "context": "all_user_facing_interfaces_and_applications"
      },
      "actions": {
        "then": "enforce_user_experience_and_interface_standards",
        "onSuccess": "deliver_high_quality_user_experience",
        "onFailure": "remediate_usability_and_interface_issues"
      },
      "enforcement": "recommended",
      "metadata": {
        "version": "1.0.0",
        "author": "MPLP Core Team",
        "createdAt": "2025-06-28T11:34:54Z",
        "updatedAt": "2025-06-28T11:34:54Z"
      }
    }
  ]
}