{
  "traceId": "trace-20240601-001",
  "timestamp": "2025-06-28T10:23:00Z",
  "source": "Execute",
  "eventType": "execution_log",
  "relatedExecutionId": "exec-20240601-001",
  "agentId": "agent-01",
  "events": [
    {
      "eventId": "event-001",
      "type": "input_received",
      "timestamp": "2025-06-28T10:20:01Z",
      "data": {
        "query": "multi-agent reinforcement learning site:arxiv.org"
      }
    },
    {
      "eventId": "event-002",
      "type": "tool_invoked",
      "timestamp": "2025-06-28T10:20:05Z",
      "data": {
        "tool": "WebSearch",
        "params": {
          "engine": "arxiv",
          "keywords": ["multi-agent", "RL"]
        }
      }
    },
    {
      "eventId": "event-003",
      "type": "output_generated",
      "timestamp": "2025-06-28T10:22:43Z",
      "data": {
        "resultsCount": 12
      }
    }
  ],
  "createdAt": "2025-06-28T10:23:00Z"
}