{
  "workflowId": "workflow-research-001",
  "workflowName": "Literature Review Workflow",
  "workflowType": "sequential",
  "status": "active",
  "stages": [
    {
      "stageId": "stage-001",
      "stageName": "Planning Phase",
      "stageType": "planning",
      "assignedRoles": ["planner", "coordinator"],
      "dependencies": [],
      "conditions": {
        "entry": {
          "expression": "project.status == 'initialized'",
          "description": "Project must be properly initialized"
        },
        "exit": {
          "expression": "tasks.count >= 3 && resources.allocated == true",
          "description": "At least 3 tasks planned and resources allocated"
        }
      }
    },
    {
      "stageId": "stage-002",
      "stageName": "Execution Phase",
      "stageType": "execution",
      "assignedRoles": ["executor", "researcher"],
      "dependencies": ["stage-001"],
      "conditions": {
        "entry": {
          "expression": "stage-001.status == 'completed'",
          "description": "Planning phase must be completed"
        },
        "exit": {
          "expression": "deliverables.ready == true",
          "description": "All deliverables must be ready"
        }
      }
    }
  ],
  "orchestration": {
    "executionMode": "automatic",
    "retryPolicy": {
      "maxRetries": 3,
      "backoffStrategy": "exponential",
      "retryableErrors": ["timeout", "resource_unavailable"]
    },
    "timeouts": {
      "stageTimeout": 3600,
      "workflowTimeout": 7200
    }
  },
  "coordination": {
    "communicationChannels": [
      {
        "channelId": "channel-001",
        "type": "message_queue",
        "participants": ["planner", "executor"],
        "protocol": "async"
      }
    ],
    "synchronizationPoints": [
      {
        "pointId": "sync-001",
        "description": "End of planning phase",
        "waitForAll": true,
        "timeout": 300
      }
    ]
  },
  "monitoring": {
    "metrics": [
      {
        "name": "stage_completion_time",
        "type": "duration",
        "unit": "seconds"
      },
      {
        "name": "error_rate",
        "type": "percentage",
        "threshold": 5.0
      }
    ],
    "alerts": [
      {
        "condition": "error_rate > 10",
        "action": "pause_workflow",
        "notification": "coordinator"
      }
    ]
  },
  "metadata": {
    "createdAt": "2025-06-28T10:15:00Z",
    "version": "1.0.0",
    "author": "MPLP Team",
    "tags": ["research", "literature-review", "sequential"]
  }
}