{
  "$schema": "https://json-schema.org/draft/2020-12/schema",
  "title": "MPLP State Transition Rules",
  "description": "Rules governing state transitions within and between MPLP protocols",
  "version": "1.0.0",
  "stateTransitionRules": [
    {
      "ruleId": "STATE-001",
      "name": "Protocol Lifecycle States",
      "category": "execution",
      "scope": "global",
      "priority": "high",
      "description": "Define valid state transitions for protocol lifecycle",
      "validStates": ["initialized", "running", "suspended", "completed", "failed", "cancelled"],
      "transitions": {
        "initialized": ["running", "cancelled"],
        "running": ["suspended", "completed", "failed", "cancelled"],
        "suspended": ["running", "cancelled"],
        "completed": [],
        "failed": ["running", "cancelled"],
        "cancelled": []
      },
      "conditions": {
        "when": "protocol_state_change_requested",
        "context": "state_transition_validation"
      },
      "actions": {
        "then": "validate_and_execute_transition",
        "else": "reject_invalid_transition"
      },
      "enforcement": "mandatory",
      "metadata": {
        "version": "1.0.0",
        "author": "MPLP Core Team",
        "createdAt": "2025-06-28T11:34:54Z",
        "updatedAt": "2025-06-28T11:34:54Z"
      }
    },
    {
      "ruleId": "STATE-002",
      "name": "Context Protocol States",
      "category": "execution",
      "scope": "Context",
      "priority": "high",
      "description": "Specific state transitions for Context protocol",
      "validStates": ["gathering", "analyzing", "validated", "updated", "archived"],
      "transitions": {
        "gathering": ["analyzing", "updated"],
        "analyzing": ["validated", "gathering", "updated"],
        "validated": ["updated", "archived"],
        "updated": ["analyzing", "validated"],
        "archived": []
      },
      "conditions": {
        "when": "context_state_change",
        "context": "context_protocol_active"
      },
      "actions": {
        "then": "update_context_state",
        "else": "maintain_current_state"
      },
      "enforcement": "mandatory",
      "metadata": {
        "version": "1.0.0",
        "author": "MPLP Core Team",
        "createdAt": "2025-06-28T11:34:54Z",
        "updatedAt": "2025-06-28T11:34:54Z"
      }
    },
    {
      "ruleId": "STATE-003",
      "name": "Plan Protocol States",
      "category": "execution",
      "scope": "Plan",
      "priority": "high",
      "description": "Specific state transitions for Plan protocol",
      "validStates": ["drafting", "reviewing", "approved", "executing", "completed", "revised"],
      "transitions": {
        "drafting": ["reviewing", "revised"],
        "reviewing": ["approved", "drafting", "revised"],
        "approved": ["executing", "revised"],
        "executing": ["completed", "revised"],
        "completed": ["revised"],
        "revised": ["drafting", "reviewing"]
      },
      "conditions": {
        "when": "plan_state_change",
        "context": "plan_protocol_active"
      },
      "actions": {
        "then": "update_plan_state",
        "else": "maintain_current_state"
      },
      "enforcement": "mandatory",
      "metadata": {
        "version": "1.0.0",
        "author": "MPLP Core Team",
        "createdAt": "2025-06-28T11:34:54Z",
        "updatedAt": "2025-06-28T11:34:54Z"
      }
    },
    {
      "ruleId": "STATE-004",
      "name": "Execute Protocol States",
      "category": "execution",
      "scope": "Execute",
      "priority": "high",
      "description": "Specific state transitions for Execute protocol",
      "validStates": ["preparing", "executing", "monitoring", "completed", "failed", "retrying"],
      "transitions": {
        "preparing": ["executing"],
        "executing": ["monitoring", "completed", "failed"],
        "monitoring": ["executing", "completed", "failed"],
        "completed": [],
        "failed": ["retrying", "preparing"],
        "retrying": ["preparing", "executing"]
      },
      "conditions": {
        "when": "execute_state_change",
        "context": "execute_protocol_active"
      },
      "actions": {
        "then": "update_execute_state",
        "else": "maintain_current_state"
      },
      "enforcement": "mandatory",
      "metadata": {
        "version": "1.0.0",
        "author": "MPLP Core Team",
        "createdAt": "2025-06-28T11:34:54Z",
        "updatedAt": "2025-06-28T11:34:54Z"
      }
    },
    {
      "ruleId": "STATE-005",
      "name": "Role Protocol States",
      "category": "execution",
      "scope": "Role",
      "priority": "high",
      "description": "Specific state transitions for Role protocol",
      "validStates": ["defining", "assigning", "active", "reassigning", "completed", "archived"],
      "transitions": {
        "defining": ["assigning"],
        "assigning": ["active", "defining"],
        "active": ["reassigning", "completed"],
        "reassigning": ["active", "assigning"],
        "completed": ["archived"],
        "archived": []
      },
      "conditions": {
        "when": "role_state_change",
        "context": "role_protocol_active"
      },
      "actions": {
        "then": "update_role_state",
        "else": "maintain_current_state"
      },
      "enforcement": "mandatory",
      "metadata": {
        "version": "1.0.0",
        "author": "MPLP Core Team",
        "createdAt": "2025-06-28T11:34:54Z",
        "updatedAt": "2025-06-28T11:34:54Z"
      }
    },
    {
      "ruleId": "STATE-006",
      "name": "Workflow Protocol States",
      "category": "execution",
      "scope": "Workflow",
      "priority": "high",
      "description": "Specific state transitions for Workflow protocol",
      "validStates": ["draft", "active", "suspended", "completed", "failed", "cancelled"],
      "transitions": {
        "draft": ["active", "cancelled"],
        "active": ["suspended", "completed", "failed", "cancelled"],
        "suspended": ["active", "cancelled"],
        "completed": [],
        "failed": ["active", "cancelled"],
        "cancelled": []
      },
      "conditions": {
        "when": "workflow_state_change",
        "context": "workflow_protocol_active"
      },
      "actions": {
        "then": "update_workflow_state",
        "else": "maintain_current_state"
      },
      "enforcement": "mandatory",
      "metadata": {
        "version": "1.0.0",
        "author": "MPLP Core Team",
        "createdAt": "2025-06-28T11:34:54Z",
        "updatedAt": "2025-06-28T11:34:54Z"
      }
    },
    {
      "ruleId": "STATE-007",
      "name": "Delivery Protocol States",
      "category": "execution",
      "scope": "Delivery",
      "priority": "high",
      "description": "Specific state transitions for Delivery protocol",
      "validStates": ["planned", "in_progress", "ready", "delivered", "accepted", "rejected"],
      "transitions": {
        "planned": ["in_progress"],
        "in_progress": ["ready", "planned"],
        "ready": ["delivered", "in_progress"],
        "delivered": ["accepted", "rejected"],
        "accepted": [],
        "rejected": ["in_progress", "planned"]
      },
      "conditions": {
        "when": "delivery_state_change",
        "context": "delivery_protocol_active"
      },
      "actions": {
        "then": "update_delivery_state",
        "else": "maintain_current_state"
      },
      "enforcement": "mandatory",
      "metadata": {
        "version": "1.0.0",
        "author": "MPLP Core Team",
        "createdAt": "2025-06-28T11:34:54Z",
        "updatedAt": "2025-06-28T11:34:54Z"
      }
    },
    {
      "ruleId": "STATE-008",
      "name": "Cross-Protocol State Dependencies",
      "category": "execution",
      "scope": "global",
      "priority": "high",
      "description": "Rules for state dependencies between different protocols",
      "dependencies": {
        "Plan.approved": ["Context.validated"],
        "Execute.executing": ["Plan.approved", "Role.active"],
        "Test.running": ["Execute.completed"],
        "Delivery.ready": ["Test.passed", "Confirm.validated"],
        "Workflow.active": ["Role.active"],
        "Learn.analyzing": ["Execute.completed", "Test.completed"]
      },
      "conditions": {
        "when": "cross_protocol_state_change",
        "context": "dependency_validation_required"
      },
      "actions": {
        "then": "validate_dependencies_before_transition",
        "else": "allow_independent_transition"
      },
      "enforcement": "mandatory",
      "metadata": {
        "version": "1.0.0",
        "author": "MPLP Core Team",
        "createdAt": "2025-06-28T11:34:54Z",
        "updatedAt": "2025-06-28T11:34:54Z"
      }
    },
    {
      "ruleId": "STATE-009",
      "name": "State Rollback Rules",
      "category": "execution",
      "scope": "global",
      "priority": "medium",
      "description": "Rules for rolling back protocol states when errors occur",
      "rollbackStrategies": {
        "failed": "previous_stable_state",
        "cancelled": "initial_state",
        "error": "checkpoint_state"
      },
      "conditions": {
        "when": "rollback_required",
        "context": "error_or_cancellation_occurred"
      },
      "actions": {
        "then": "execute_rollback_strategy",
        "else": "maintain_current_state"
      },
      "enforcement": "recommended",
      "metadata": {
        "version": "1.0.0",
        "author": "MPLP Core Team",
        "createdAt": "2025-06-28T11:34:54Z",
        "updatedAt": "2025-06-28T11:34:54Z"
      }
    },
    {
      "ruleId": "STATE-010",
      "name": "State Persistence Rules",
      "category": "execution",
      "scope": "global",
      "priority": "medium",
      "description": "Rules for persisting protocol states across system restarts",
      "persistenceRequirements": {
        "critical_states": ["completed", "failed", "cancelled"],
        "checkpoint_states": ["approved", "validated", "delivered"],
        "transient_states": ["preparing", "monitoring"]
      },
      "conditions": {
        "when": "state_persistence_required",
        "context": "system_restart_or_failure"
      },
      "actions": {
        "then": "persist_state_according_to_requirements",
        "else": "use_default_persistence"
      },
      "enforcement": "recommended",
      "metadata": {
        "version": "1.0.0",
        "author": "MPLP Core Team",
        "createdAt": "2025-06-28T11:34:54Z",
        "updatedAt": "2025-06-28T11:34:54Z"
      }
    }
  ]
}