{
  "$schema": "https://json-schema.org/draft/2020-12/schema",
  "title": "MPLP Project Governance Rules",
  "description": "Business rules for project governance, compliance, and organizational policies within MPLP",
  "version": "1.0.0",
  "projectGovernanceRules": [
    {
      "ruleId": "GOV-001",
      "name": "Project Approval and Authorization",
      "category": "approval",
      "scope": "global",
      "priority": "high",
      "description": "Rules governing project approval processes and authorization requirements",
      "approvalWorkflow": {
        "stages": [
          {
            "stage": "initial_proposal",
            "requiredProtocols": ["Context"],
            "approvers": ["business_sponsor", "technical_lead"],
            "criteria": {
              "businessJustification": "required",
              "technicalFeasibility": "required",
              "resourceAvailability": "required",
              "riskAssessment": "required"
            },
            "timeLimit": "5_business_days"
          },
          {
            "stage": "detailed_planning",
            "requiredProtocols": ["Context", "Plan", "Role"],
            "approvers": ["project_steering_committee"],
            "criteria": {
              "detailedProjectPlan": "required",
              "resourceAllocation": "required",
              "budgetApproval": "required",
              "complianceCheck": "required"
            },
            "timeLimit": "10_business_days"
          },
          {
            "stage": "execution_authorization",
            "requiredProtocols": ["Context", "Plan", "Role", "Workflow"],
            "approvers": ["executive_sponsor"],
            "criteria": {
              "finalBudgetApproval": "required",
              "contractualAgreements": "required",
              "complianceClearance": "required"
            },
            "timeLimit": "3_business_days"
          }
        ],
        "escalationRules": {
          "timeoutEscalation": "escalate_to_next_level_after_timeout",
          "rejectionEscalation": "allow_appeal_to_higher_authority",
          "conflictResolution": "executive_committee_decision"
        }
      },
      "authorizationLevels": {
        "low": {
          "budgetThreshold": "$10000",
          "durationThreshold": "30_days",
          "approvers": ["department_manager"]
        },
        "medium": {
          "budgetThreshold": "$100000",
          "durationThreshold": "90_days",
          "approvers": ["division_director", "finance_manager"]
        },
        "high": {
          "budgetThreshold": "$1000000",
          "durationThreshold": "365_days",
          "approvers": ["executive_sponsor", "cfo", "cto"]
        },
        "critical": {
          "budgetThreshold": "unlimited",
          "durationThreshold": "unlimited",
          "approvers": ["board_of_directors"]
        }
      },
      "conditions": {
        "when": "new_project_initiation",
        "context": "organizational_governance_required"
      },
      "actions": {
        "then": "enforce_approval_workflow",
        "onSuccess": "authorize_project_execution",
        "onFailure": "reject_project_or_request_modifications"
      },
      "enforcement": "mandatory",
      "metadata": {
        "version": "1.0.0",
        "author": "MPLP Core Team",
        "createdAt": "2025-06-28T11:34:54Z",
        "updatedAt": "2025-06-28T11:34:54Z"
      }
    },
    {
      "ruleId": "GOV-002",
      "name": "Compliance and Regulatory Requirements",
      "category": "compliance",
      "scope": "global",
      "priority": "high",
      "description": "Rules ensuring compliance with regulatory requirements and industry standards",
      "complianceFrameworks": {
        "dataProtection": {
          "regulations": ["GDPR", "CCPA", "PIPEDA", "LGPD"],
          "requirements": {
            "dataMinimization": "collect_only_necessary_data",
            "consentManagement": "explicit_user_consent_required",
            "dataRetention": "defined_retention_periods",
            "rightToErasure": "data_deletion_capability",
            "dataPortability": "export_user_data_capability"
          },
          "applicableProtocols": ["Context", "Role", "Trace"]
        },
        "financialCompliance": {
          "regulations": ["SOX", "PCI-DSS", "Basel III"],
          "requirements": {
            "auditTrail": "comprehensive_financial_audit_trail",
            "accessControl": "segregation_of_duties",
            "dataIntegrity": "financial_data_integrity_checks",
            "reporting": "automated_compliance_reporting"
          },
          "applicableProtocols": ["Context", "Plan", "Execute", "Trace"]
        },
        "industryStandards": {
          "standards": ["ISO 27001", "ISO 9001", "CMMI", "ITIL"],
          "requirements": {
            "processDocumentation": "documented_processes_and_procedures",
            "riskManagement": "systematic_risk_assessment_and_mitigation",
            "continuousImprovement": "regular_process_review_and_improvement",
            "competencyManagement": "role_based_competency_requirements"
          },
          "applicableProtocols": ["Context", "Plan", "Execute", "Role", "Workflow", "Learn"]
        }
      },
      "complianceChecks": {
        "preExecution": {
          "dataClassification": "classify_data_sensitivity",
          "regulatoryMapping": "map_project_to_applicable_regulations",
          "complianceGapAnalysis": "identify_compliance_gaps"
        },
        "duringExecution": {
          "continuousMonitoring": "monitor_compliance_throughout_execution",
          "violationDetection": "detect_and_alert_on_compliance_violations",
          "correctiveActions": "implement_corrective_actions_for_violations"
        },
        "postExecution": {
          "complianceReporting": "generate_compliance_reports",
          "auditPreparation": "prepare_documentation_for_audits",
          "lessonsLearned": "capture_compliance_lessons_learned"
        }
      },
      "conditions": {
        "when": "regulatory_compliance_required",
        "context": "regulated_industry_or_jurisdiction"
      },
      "actions": {
        "then": "enforce_compliance_requirements",
        "onSuccess": "maintain_compliance_status",
        "onFailure": "halt_execution_and_remediate"
      },
      "enforcement": "mandatory",
      "metadata": {
        "version": "1.0.0",
        "author": "MPLP Core Team",
        "createdAt": "2025-06-28T11:34:54Z",
        "updatedAt": "2025-06-28T11:34:54Z"
      }
    },
    {
      "ruleId": "GOV-003",
      "name": "Resource Management and Allocation",
      "category": "resource_management",
      "scope": "global",
      "priority": "high",
      "description": "Rules governing resource allocation, utilization, and optimization across projects",
      "resourceTypes": {
        "human": {
          "categories": ["full_time_employees", "contractors", "consultants", "interns"],
          "allocationRules": {
            "capacityPlanning": "maintain_80_percent_utilization_target",
            "skillMatching": "match_skills_to_project_requirements",
            "workloadBalancing": "distribute_workload_evenly",
            "developmentOpportunities": "provide_skill_development_opportunities"
          },
          "constraints": {
            "maxConcurrentProjects": "3_projects_per_person",
            "minAllocationPercentage": "20_percent_minimum",
            "maxOvertimePercentage": "10_percent_maximum"
          }
        },
        "financial": {
          "categories": ["capital_expenditure", "operational_expenditure", "contingency_funds"],
          "allocationRules": {
            "budgetApproval": "multi_level_approval_based_on_amount",
            "costTracking": "real_time_cost_tracking",
            "varianceManagement": "alert_on_budget_variance_exceeding_10_percent",
            "forecastAccuracy": "maintain_forecast_accuracy_within_5_percent"
          },
          "constraints": {
            "maxBudgetVariance": "15_percent",
            "contingencyReserve": "10_percent_of_total_budget",
            "approvalThresholds": "defined_by_authorization_levels"
          }
        },
        "technical": {
          "categories": ["infrastructure", "software_licenses", "development_tools", "testing_environments"],
          "allocationRules": {
            "resourceSharing": "maximize_resource_sharing_across_projects",
            "licenseOptimization": "optimize_software_license_utilization",
            "environmentManagement": "efficient_test_environment_allocation",
            "technologyStandardization": "prefer_standardized_technology_stack"
          },
          "constraints": {
            "maxEnvironmentDuration": "30_days_per_allocation",
            "licenseUtilizationTarget": "90_percent_minimum",
            "infrastructureCostLimit": "defined_per_project_type"
          }
        }
      },
      "allocationProcess": {
        "requestSubmission": {
          "requiredInformation": ["resource_type", "quantity", "duration", "justification", "priority"],
          "approvalWorkflow": "resource_manager_approval_required",
          "timeframe": "submit_requests_at_least_2_weeks_in_advance"
        },
        "conflictResolution": {
          "prioritizationCriteria": ["business_value", "strategic_importance", "regulatory_requirements", "customer_impact"],
          "escalationProcess": "resource_allocation_committee_decision",
          "alternativeOptions": "suggest_alternative_resources_or_timeline"
        },
        "monitoring": {
          "utilizationTracking": "track_actual_vs_planned_utilization",
          "performanceMetrics": "measure_resource_productivity",
          "optimizationOpportunities": "identify_optimization_opportunities"
        }
      },
      "conditions": {
        "when": "resource_allocation_required",
        "context": "multi_project_environment"
      },
      "actions": {
        "then": "apply_resource_allocation_rules",
        "onSuccess": "optimize_resource_utilization",
        "onFailure": "escalate_resource_conflicts"
      },
      "enforcement": "mandatory",
      "metadata": {
        "version": "1.0.0",
        "author": "MPLP Core Team",
        "createdAt": "2025-06-28T11:34:54Z",
        "updatedAt": "2025-06-28T11:34:54Z"
      }
    },
    {
      "ruleId": "GOV-004",
      "name": "Risk Management and Mitigation",
      "category": "risk_management",
      "scope": "global",
      "priority": "high",
      "description": "Rules for identifying, assessing, and mitigating risks throughout the project lifecycle",
      "riskCategories": {
        "technical": {
          "types": ["technology_obsolescence", "integration_complexity", "performance_issues", "security_vulnerabilities"],
          "assessmentCriteria": {
            "probability": "likelihood_of_occurrence",
            "impact": "severity_of_consequences",
            "detectability": "ability_to_detect_early"
          },
          "mitigationStrategies": {
            "prevention": "proactive_measures_to_prevent_occurrence",
            "mitigation": "actions_to_reduce_impact",
            "contingency": "backup_plans_if_risk_materializes",
            "acceptance": "acknowledge_and_monitor_acceptable_risks"
          }
        },
        "business": {
          "types": ["market_changes", "regulatory_changes", "stakeholder_conflicts", "budget_constraints"],
          "assessmentCriteria": {
            "businessImpact": "effect_on_business_objectives",
            "timelineImpact": "effect_on_project_schedule",
            "reputationalImpact": "effect_on_organizational_reputation"
          },
          "mitigationStrategies": {
            "stakeholderEngagement": "regular_stakeholder_communication",
            "changeManagement": "structured_change_management_process",
            "contingencyPlanning": "alternative_business_scenarios"
          }
        },
        "operational": {
          "types": ["resource_unavailability", "process_failures", "communication_breakdowns", "quality_issues"],
          "assessmentCriteria": {
            "operationalImpact": "effect_on_day_to_day_operations",
            "recoveryTime": "time_required_to_recover",
            "cascadingEffects": "impact_on_other_processes"
          },
          "mitigationStrategies": {
            "processImprovement": "enhance_process_robustness",
            "redundancy": "build_in_operational_redundancy",
            "monitoring": "implement_early_warning_systems"
          }
        }
      },
      "riskManagementProcess": {
        "identification": {
          "methods": ["brainstorming", "expert_interviews", "historical_analysis", "checklist_review"],
          "frequency": "weekly_during_planning_monthly_during_execution",
          "stakeholders": ["project_team", "subject_matter_experts", "risk_management_office"]
        },
        "assessment": {
          "qualitativeAnalysis": {
            "probabilityScale": "very_low_low_medium_high_very_high",
            "impactScale": "negligible_minor_moderate_major_catastrophic",
            "riskMatrix": "5x5_probability_impact_matrix"
          },
          "quantitativeAnalysis": {
            "expectedMonetaryValue": "probability_x_financial_impact",
            "monteCarlo": "simulation_for_complex_risks",
            "sensitivityAnalysis": "identify_key_risk_drivers"
          }
        },
        "response": {
          "responseStrategies": ["avoid", "mitigate", "transfer", "accept"],
          "actionPlans": "detailed_action_plans_for_high_risks",
          "ownerAssignment": "assign_risk_owners_for_each_identified_risk",
          "budgetAllocation": "allocate_budget_for_risk_response_actions"
        },
        "monitoring": {
          "riskIndicators": "define_key_risk_indicators",
          "reviewFrequency": "weekly_for_high_risks_monthly_for_others",
          "escalationTriggers": "automatic_escalation_based_on_thresholds",
          "reportingRequirements": "regular_risk_status_reports"
        }
      },
      "conditions": {
        "when": "project_execution_in_progress",
        "context": "risk_management_required"
      },
      "actions": {
        "then": "apply_risk_management_process",
        "onSuccess": "maintain_acceptable_risk_levels",
        "onFailure": "escalate_to_risk_management_committee"
      },
      "enforcement": "mandatory",
      "metadata": {
        "version": "1.0.0",
        "author": "MPLP Core Team",
        "createdAt": "2025-06-28T11:34:54Z",
        "updatedAt": "2025-06-28T11:34:54Z"
      }
    },
    {
      "ruleId": "GOV-005",
      "name": "Quality Assurance and Standards",
      "category": "quality_assurance",
      "scope": "global",
      "priority": "high",
      "description": "Rules ensuring quality standards and continuous improvement throughout the project lifecycle",
      "qualityStandards": {
        "deliverableQuality": {
          "codeQuality": {
            "standards": ["clean_code_principles", "coding_standards", "documentation_requirements"],
            "metrics": {
              "codeComplexity": "cyclomatic_complexity_less_than_10",
              "testCoverage": "minimum_80_percent_code_coverage",
              "codeReview": "mandatory_peer_review_for_all_changes",
              "staticAnalysis": "automated_static_code_analysis"
            }
          },
          "documentationQuality": {
            "standards": ["completeness", "accuracy", "clarity", "maintainability"],
            "metrics": {
              "completeness": "all_required_sections_present",
              "accuracy": "technical_accuracy_verified",
              "readability": "appropriate_reading_level",
              "currency": "updated_within_30_days_of_changes"
            }
          },
          "processQuality": {
            "standards": ["process_adherence", "continuous_improvement", "stakeholder_satisfaction"],
            "metrics": {
              "processCompliance": "95_percent_adherence_to_defined_processes",
              "defectRate": "less_than_2_percent_defect_rate",
              "customerSatisfaction": "minimum_4_out_of_5_satisfaction_rating",
              "timeToMarket": "deliver_within_planned_timeline"
            }
          }
        },
        "performanceStandards": {
          "systemPerformance": {
            "responseTime": "95_percentile_response_time_under_2_seconds",
            "throughput": "handle_expected_load_with_20_percent_headroom",
            "availability": "99_9_percent_uptime_target",
            "scalability": "linear_scaling_up_to_10x_current_load"
          },
          "processPerformance": {
            "efficiency": "minimize_waste_and_rework",
            "effectiveness": "achieve_defined_objectives",
            "productivity": "maintain_or_improve_team_productivity",
            "innovation": "encourage_innovative_solutions"
          }
        }
      },
      "qualityAssuranceProcess": {
        "planning": {
          "qualityPlanning": "define_quality_objectives_and_metrics",
          "standardsSelection": "select_appropriate_quality_standards",
          "toolsAndTechniques": "identify_qa_tools_and_techniques",
          "resourceAllocation": "allocate_resources_for_qa_activities"
        },
        "execution": {
          "qualityControl": {
            "inspections": "regular_quality_inspections",
            "testing": "comprehensive_testing_strategy",
            "reviews": "formal_review_processes",
            "audits": "periodic_quality_audits"
          },
          "qualityAssurance": {
            "processImprovement": "continuous_process_improvement",
            "preventiveActions": "proactive_quality_measures",
            "training": "quality_awareness_training",
            "standardization": "standardize_quality_practices"
          }
        },
        "monitoring": {
          "qualityMetrics": "track_quality_metrics_and_kpis",
          "trendAnalysis": "analyze_quality_trends_over_time",
          "benchmarking": "compare_against_industry_benchmarks",
          "reporting": "regular_quality_status_reporting"
        },
        "improvement": {
          "rootCauseAnalysis": "analyze_root_causes_of_quality_issues",
          "correctiveActions": "implement_corrective_actions",
          "preventiveActions": "implement_preventive_measures",
          "lessonsLearned": "capture_and_share_lessons_learned"
        }
      },
      "conditions": {
        "when": "quality_assurance_required",
        "context": "all_project_phases"
      },
      "actions": {
        "then": "apply_quality_assurance_process",
        "onSuccess": "maintain_high_quality_standards",
        "onFailure": "implement_quality_improvement_actions"
      },
      "enforcement": "mandatory",
      "metadata": {
        "version": "1.0.0",
        "author": "MPLP Core Team",
        "createdAt": "2025-06-28T11:34:54Z",
        "updatedAt": "2025-06-28T11:34:54Z"
      }
    }
  ]
}